experiment type,id,input_text,connective,true_label,true_label_text,predicted_label,predicted_label_text,is_correct,前件,接続表現,後件
exclude_iru_aru_oku,21_essay_tosanikki_20160903,やがて月の距離が現在の約１．５倍、公転・自転の周期が約４０日になったところで変化が止まると考えられてます。,ところ,2,時間,3,場所,False,やがて月の距離が現在の約１．５倍、公転・自転の周期が約４０日になった,ところ,で変化が止まると考えられています。
exclude_iru_aru_oku,88_fiction_SAINT-EXUPERY-1943,僕の住んでところでは、なんでもみんな小さいんだよ。,ところ,3,場所,3,場所,True,僕の住んでいる,ところ,では、なんでもみんな小さいんだよ。
exclude_iru_aru_oku,80_diet_kaigiroku-12,演説が終わりましたところで、動議により、国務大臣の演説に対する質疑は延期し、来る三十日に行うことを決定していただきます。,ところ,2,時間,2,時間,True,演説が終わりました,ところ,で、動議により、国務大臣の演説に対する質疑は延期し、来る三十日に行うことを決定していただきます。
exclude_iru_aru_oku,35_aozora_Hisao-1939,なかなか、二人の娘のひきたて役ぐらいのところではなかろうとおもわれる。,ところ,4,その他,2,時間,False,なかなか、二人の娘のひきたて役ぐらいの,ところ,ではなかろうとおもわれる。
exclude_iru_aru_oku,162_fiction_munashisanoshotai,しかもそれを聞いたところで全く疑念は解消されない。,ところ,0,逆接・譲歩,0,逆接・譲歩,True,しかもそれを聞いた,ところ,で全く疑念は解消されない。
exclude_iru_aru_oku,129_textbook_djg_advanced;page_142,この問題をいまさら議論したところで無意味でしょう。,ところ,0,逆接・譲歩,0,逆接・譲歩,True,この問題をいまさら議論した,ところ,で無意味でしょう。
exclude_iru_aru_oku,59_aozora_Kishida-1950,これを即興というのだが、この即興のできる訓練は劇をやるうえに大切で、人間で以上、どんなにおぼえたつもりでも忘れることが、どんなに練習をしても、とっさに手違いができることものだから、そこを、ただいいかげんにごまかすのではなく、劇の面白さをへらさぬように、そくざの機転で、たくみに補うことは、これまた、劇の劇らしいところで。,ところ,4,その他,4,その他,True,これを即興というのだが、この即興のできる訓練は劇をやるうえに大切で、人間である以上、どんなにおぼえたつもりでも忘れることがあり、どんなに練習をしても、とっさに手違いができることもあるのだから、そこを、ただいいかげんにごまかすのではなく、劇の面白さをへらさぬように、そくざの機転で、たくみに補うことは、これまた、劇の劇らしい,ところ,である。
exclude_iru_aru_oku,106_aozora_Hisao-1939,三十を三つも越してのに、なにをするでもなくのらくらとこんなところで日を送って。,ところ,3,場所,3,場所,True,三十を三つも越しているのに、なにをするでもなくのらくらとこんな,ところ,で日を送っている。
exclude_iru_aru_oku,14_essay_tosanikki_20170401,タヒチでは、ゴーギャンの有名な「我々はどこから来たのか、我々は何者か、我々はどこへ行くのか」の複製画とともに、この題名をいろいろなところで目にしました。,ところ,3,場所,3,場所,True,タヒチでは、ゴーギャンの有名な「我々はどこから来たのか、我々は何者か、我々はどこへ行くのか」の複製画とともに、この題名をいろいろな,ところ,で目にしました。
exclude_iru_aru_oku,22_essay_tosanikki_20190202,私の目には、晩年をオリオン座で過ごそうと旅してきたように見えますが、もしさらに１００万年長生きしたとすると、オリオン座を通り過ぎたところで漂泊の人生を終わることになります。,ところ,3,場所,3,場所,True,私の目には、晩年をオリオン座で過ごそうと旅してきたように見えますが、もしさらに１００万年長生きしたとすると、オリオン座を通り過ぎた,ところ,で漂泊の人生を終わることになります。
exclude_iru_aru_oku,53_essay_Hepburn_no_shoogai_to_nihongo2,幕府は安政年間、条約国に対して「既に踏絵の制度は廃せり」と声明を出してたが、ヘボンが肥後出身者から聞いたところでは、その後も九州で実施されてた。,ところ,4,その他,3,場所,False,幕府は安政年間、条約国に対して「既に踏絵の制度は廃せり」と声明を出していたが、ヘボンが肥後出身者から聞いた,ところ,では、その後も九州で実施されていた。
exclude_iru_aru_oku,10_essay_crossover27_IharaOct2015,前回、ダ・ヴィンチの交通機関体系の創造に触れたのも、船舶活用の可能性から水上交通を基軸にしつつも、陸上、空中へのデザインを展開したモーティブフォースが大航海にたのではないかと推測したからです。,つつ,0,逆接・譲歩,0,逆接・譲歩,True,前回、ダ・ヴィンチの交通機関体系の創造に触れたのも、船舶活用の可能性から水上交通を基軸にし,つつ,も、陸上、空中へのデザインを展開したモーティブフォースが大航海にあったのではないかと推測したからです。
exclude_iru_aru_oku,146_wikipedia_KYOTO_12;CLT_00005;218,ゆっくりと慎重に音程を変更するところから、具合を測りつつ物事を進めるさまを表す。,つつ,0,逆接・譲歩,1,同時進行,False,ゆっくりと慎重に音程を変更するところから、具合を測り,つつ,物事を進めるさまを表す。
exclude_iru_aru_oku,480_textbook_djg_intermediate;page_543,たばこは体によくないと分かりつつなかなかやめられない。,つつ,0,逆接・譲歩,0,逆接・譲歩,True,たばこは体によくないと分かり,つつ,なかなかやめられない。
exclude_iru_aru_oku,782_whitepaper_shohi4_2018,食育基本法（平成17年法律第63号）及び「第３次食育推進基本計画」（2016年３月食育推進会議決定）に基づき、関係府省等が連携しつつ、家庭、学校、地域等において国民運動として食育を推進してます。,つつ,1,同時進行,1,同時進行,True,食育基本法（平成17年法律第63号）及び「第３次食育推進基本計画」（2016年３月食育推進会議決定）に基づき、関係府省等が連携し,つつ,、家庭、学校、地域等において国民運動として食育を推進しています。
exclude_iru_aru_oku,812_whitepaper_shohi4_2018,経済産業省では、2016年度、学識経験者、有識者、事業者、消費者団体、マスコミなど、幅広い関係者を構成員とし、2030年頃の消費経済市場を見据えつつ、消費者意識の変化、より一層の消費者理解やそれに伴う企業経営の方、消費者起点のイノベーション等について検討を行う「消費インテリジェンス研究会」を年度内に５回開催し、2017年３月に報告書を取りまとめました。,つつ,1,同時進行,1,同時進行,True,経済産業省では、2016年度、学識経験者、有識者、事業者、消費者団体、マスコミなど、幅広い関係者を構成員とし、2030年頃の消費経済市場を見据え,つつ,、消費者意識の変化、より一層の消費者理解やそれに伴う企業経営の在り方、消費者起点のイノベーション等について検討を行う「消費インテリジェンス研究会」を年度内に５回開催し、2017年３月に報告書を取りまとめました。
exclude_iru_aru_oku,57_whitepaper_shohi4_2018,消費者庁では、関係機関と連携しつつ、特定商取引法の表示義務に違反しておそれの危険ドラッグの通信販売サイトに対し、適切な措置を講ずるとともに、関係機関に対する情報提供を行い、消費者保護を十分に確保するよう努めてます。,つつ,1,同時進行,1,同時進行,True,消費者庁では、関係機関と連携し,つつ,、特定商取引法の表示義務に違反しているおそれのある危険ドラッグの通信販売サイトに対し、適切な措置を講ずるとともに、関係機関に対する情報提供を行い、消費者保護を十分に確保するよう努めています。
exclude_iru_aru_oku,27_news_KAHOKU_184;K201406140A0T10XX00001,東北大大学院工学研究科の風間基樹教授（地盤工学・地震工学）は「行政が作る防災マップを参考にしつつも、普段から地域の地形的特性を把握して、非常時の対策を考える必要が」と指摘する。,つつ,1,同時進行,0,逆接・譲歩,False,東北大大学院工学研究科の風間基樹教授（地盤工学・地震工学）は「行政が作る防災マップを参考にし,つつ,も、普段から地域の地形的特性を把握して、非常時の対策を考える必要がある」と指摘する。
exclude_iru_aru_oku,312_whitepaper_H28_kotsuanzen1,ア地域住民等の意見要望等を十分に踏まえつつ，駐車規制の点検・見直しを実施するとともに，物流の必要性や自動二輪車の駐車需要等にも配慮し，地域の交通実態等に応じた規制の緩和を行うなど，きめ細かな駐車規制を推進した。,つつ,1,同時進行,1,同時進行,True,ア地域住民等の意見要望等を十分に踏まえ,つつ,，駐車規制の点検・見直しを実施するとともに，物流の必要性や自動二輪車の駐車需要等にも配慮し，地域の交通実態等に応じた規制の緩和を行うなど，きめ細かな駐車規制を推進した。
exclude_iru_aru_oku,278_whitepaper_R1_gaiko_2,安定的に党・政権を運営するためには、一定の経済成長を確保しつつ国内外の各種課題に対応する必要が、今後の経済財政政策の動向が注目される。,つつ,1,同時進行,1,同時進行,True,安定的に党・政権を運営するためには、一定の経済成長を確保し,つつ,国内外の各種課題に対応する必要があり、今後の経済財政政策の動向が注目される。
exclude_iru_aru_oku,122_whitepaper_R2_bousai_5,このような状況に鑑み、関係自治体の要望等も踏まえつつ、この問題の終局的な解決策が検討され、与野党調整の結果、以下の7点を柱として議員立法により災害弔慰金法が改正された（令和元年6月7日公布、8月1日施行）。,つつ,1,同時進行,1,同時進行,True,このような状況に鑑み、関係自治体の要望等も踏まえ,つつ,、この問題の終局的な解決策が検討され、与野党調整の結果、以下の7点を柱として議員立法により災害弔慰金法が改正された（令和元年6月7日公布、8月1日施行）。
exclude_iru_aru_oku,46_diet_kaigiroku-11,かかる観点から、第一次石油危機から二十年を経た今日、エネルギー政策全般の再構築を図り、地球環境問題の顕在化に対応しつつ、エネルギーの安定的かつ効率的な供給の確保に努めてまいります。,つつ,1,同時進行,1,同時進行,True,かかる観点から、第一次石油危機から二十年を経た今日、エネルギー政策全般の再構築を図り、地球環境問題の顕在化に対応し,つつ,、エネルギーの安定的かつ効率的な供給の確保に努めてまいります。
exclude_iru_aru_oku,115_whitepaper_shohi4_2018,また、国民生活センターでは、人の生命・身体等に重大な影響を及ぼす商品や品質・表示等に問題の商品について、消費者被害の救済や未然防止・拡大防止のために、消費者の使用実態を考慮しつつ科学的に信頼性の高い商品テストを実施してます。,つつ,1,同時進行,1,同時進行,True,また、国民生活センターでは、人の生命・身体等に重大な影響を及ぼす商品や品質・表示等に問題のある商品について、消費者被害の救済や未然防止・拡大防止のために、消費者の使用実態を考慮し,つつ,科学的に信頼性の高い商品テストを実施しています。
exclude_iru_aru_oku,5_law_h15A119;4_1_1,この法律は、高度情報通信社会の進展に伴い個人情報の利用が著しく拡大してことにかんがみ、個人情報の適正な取扱いに関し、基本理念及び政府による基本方針の作成その他の個人情報の保護に関する施策の基本となる事項を定め、国及び地方公共団体の責務等を明らかにするとともに、個人情報を取り扱う事業者の遵守すべき義務等を定めることにより、個人情報の有用性に配慮しつつ、個人の権利利益を保護することを目的とする。,つつ,0,逆接・譲歩,1,同時進行,False,この法律は、高度情報通信社会の進展に伴い個人情報の利用が著しく拡大していることにかんがみ、個人情報の適正な取扱いに関し、基本理念及び政府による基本方針の作成その他の個人情報の保護に関する施策の基本となる事項を定め、国及び地方公共団体の責務等を明らかにするとともに、個人情報を取り扱う事業者の遵守すべき義務等を定めることにより、個人情報の有用性に配慮し,つつ,、個人の権利利益を保護することを目的とする。
exclude_iru_aru_oku,215_whitepaper_H28_kotsuanzen1,社会資本整備重点計画に即して，都道府県公安委員会及び道路管理者が連携し，交通事故実態の調査・分析を行いつつ，重点的，効果的かつ効率的に歩道や信号機の整備を始めとした交通安全施設等整備事業を推進することにより，道路交通環境を改善し，交通事故の防止と交通の円滑化を図った。,つつ,1,同時進行,1,同時進行,True,社会資本整備重点計画に即して，都道府県公安委員会及び道路管理者が連携し，交通事故実態の調査・分析を行い,つつ,，重点的，効果的かつ効率的に歩道や信号機の整備を始めとした交通安全施設等整備事業を推進することにより，道路交通環境を改善し，交通事故の防止と交通の円滑化を図った。
exclude_iru_aru_oku,29_news_KAHOKU_513,各地の伝説を受け止めつつ、大嶽丸の姿を見つめ直そうと南方の住民ら約２０人が集まった。,つつ,1,同時進行,1,同時進行,True,各地の伝説を受け止め,つつ,、大嶽丸の姿を見つめ直そうと南方の住民ら約２０人が集まった。
exclude_iru_aru_oku,31_whitepaper_R1_gaiko_9,さらに、普天間飛行場の移設や在沖縄海兵隊約9，000人のグアム等への国外移転を始めとする在日米軍再編についても、在日米軍の抑止力を維持しつつ、沖縄を始めとする地元の負担を軽減するため、日米で緊密に連携して取り組んできて。,つつ,0,逆接・譲歩,1,同時進行,False,"さらに、普天間飛行場の移設や在沖縄海兵隊約9,000人のグアム等への国外移転を始めとする在日米軍再編についても、在日米軍の抑止力を維持し",つつ,、沖縄を始めとする地元の負担を軽減するため、日米で緊密に連携して取り組んできている。
exclude_iru_aru_oku,206_whitepaper_H28_kotsuanzen1,ウ道路の機能と沿道の土地利用を含めた道路の利用実態との調和を図ることが交通の安全の確保に資することから，交通流の実態を踏まえつつ，沿道からのアクセスを考慮した副道等の整備，植樹帯の設置，路上駐停車対策等を推進した。,つつ,1,同時進行,1,同時進行,True,ウ道路の機能と沿道の土地利用を含めた道路の利用実態との調和を図ることが交通の安全の確保に資することから，交通流の実態を踏まえ,つつ,，沿道からのアクセスを考慮した副道等の整備，植樹帯の設置，路上駐停車対策等を推進した。
exclude_iru_aru_oku,276_whitepaper_shohi3_2018,第３期消費者基本計画では、消費者一人一人が、個々の消費者の特性や消費生活の多様性を相互に尊重しつつ、自らの消費行動が将来の社会経済情勢や地球環境に影響を及ぼすことを自覚し、公正で持続可能な社会の形成に積極的に参画する社会を目指すことが求められてます。,つつ,0,逆接・譲歩,1,同時進行,False,第３期消費者基本計画では、消費者一人一人が、個々の消費者の特性や消費生活の多様性を相互に尊重し,つつ,、自らの消費行動が将来の社会経済情勢や地球環境に影響を及ぼすことを自覚し、公正で持続可能な社会の形成に積極的に参画する社会を目指すことが求められています。
exclude_iru_aru_oku,19_essay_manabi72_Kuroda2015summer,従って、イスラームの理念性を念頭につつも、ムスリムたちの歴史は大いに可変的で、事実、時代時代で否定しがたい変容をこうむってきたことに注目すべきだと思います。,つつ,0,逆接・譲歩,0,逆接・譲歩,True,従って、イスラームの理念性を念頭に置き,つつ,も、ムスリムたちの歴史は大いに可変的で、事実、時代時代で否定しがたい変容をこうむってきたことに注目すべきだと思います。
exclude_iru_aru_oku,44_aozora_Koyama-1955-2,はじめてその人の前に出て二、三の受け答えをしつつ、この人に看てもらうのだなという感じを持った。,つつ,1,同時進行,1,同時進行,True,はじめてその人の前に出て二、三の受け答えをし,つつ,、この人に看てもらうのだなという感じを持った。
exclude_iru_aru_oku,25_whitepaper_R1_gaiko_10,人道支援と開発協力の連携を強化しつつ、平和構築、難民等の支援、テロ・暴力的過激主義対策等の協力を通じ、国際社会の平和と安定の実現に積極的に貢献する。,つつ,1,同時進行,1,同時進行,True,人道支援と開発協力の連携を強化し,つつ,、平和構築、難民等の支援、テロ・暴力的過激主義対策等の協力を通じ、国際社会の平和と安定の実現に積極的に貢献する。
exclude_iru_aru_oku,479_textbook_djg_intermediate;page_543,彼女は夫の無罪を信じつつ息を引き取った。,つつ,1,同時進行,1,同時進行,True,彼女は夫の無罪を信じ,つつ,息を引き取った。
exclude_iru_aru_oku,6_book_excerpt-26,やれやれどうしよう、と思いながらも居心地の良いバラナシを去る気にもなれず、汽車の切符を買う大変さを考えてはやはり腰が上がらず、あと二、三日と思いつつずるずると居着いてしまってたのだ。,つつ,0,逆接・譲歩,0,逆接・譲歩,True,やれやれどうしよう、と思いながらも居心地の良いバラナシを去る気にもなれず、汽車の切符を買う大変さを考えてはやはり腰が上がらず、あと二、三日と思い,つつ,ずるずると居着いてしまっていたのだ。
exclude_iru_aru_oku,516_essay_Hepburn_no_shoogai_to_nihongo2,Ｗ・Ｅ・グリフィスは、任期満了で帰国して以来、「Hepburn_of_Japan」を執筆しつつ、ニューヨークやフィラデルフィアから、ヘボンにも、その弟スレーターにも、質問を寄せ続け、しきりに「ヘボンをめぐる人々」と文通してた。,つつ,1,同時進行,1,同時進行,True,Ｗ・Ｅ・グリフィスは、任期満了で帰国して以来、「Hepburn_of_Japan」を執筆し,つつ,、ニューヨークやフィラデルフィアから、ヘボンにも、その弟スレーターにも、質問を寄せ続け、しきりに「ヘボンをめぐる人々」と文通していた。
exclude_iru_aru_oku,90_fiction_sakurasakuanobashode,修一は、出来るだけ元気な声を出しながら玄関に入った。,ながら,1,同時進行,1,同時進行,True,修一は、出来るだけ元気な声を出し,ながら,玄関に入った。
exclude_iru_aru_oku,507_aozora_Hori-1969,私はちょっと意外な問いに戸惑いしながら、お前の方へ徐かに目をもっていった。,ながら,1,同時進行,1,同時進行,True,私はちょっと意外な問いに戸惑いし,ながら,、お前の方へ徐かに目をもっていった。
exclude_iru_aru_oku,224_aozora_Akutagawa-1921,が、忽ち勇気をとり直すと、片手にナイフを握りながら、片手に妙子の襟髪を掴んで、ずるずる手もとへ引き寄せました。,ながら,1,同時進行,1,同時進行,True,が、忽ち勇気をとり直すと、片手にナイフを握り,ながら,、片手に妙子の襟髪を掴んで、ずるずる手もとへ引き寄せました。
exclude_iru_aru_oku,121_aozora_Akutagawa-1921,遠藤はとうとうたまり兼ねて、火花の旋風に追われながら、転げるように外へ逃げ出しました。,ながら,1,同時進行,1,同時進行,True,遠藤はとうとうたまり兼ねて、火花の旋風に追われ,ながら,、転げるように外へ逃げ出しました。
exclude_iru_aru_oku,91_aozora_Andersen-1967-1,「いいかい、世の中って、こんなものなんだよ」と、アヒルの子供たちのおかあさんは、言いながら、自分も、くちばしをピチャピチャやりました。,ながら,1,同時進行,1,同時進行,True,「いいかい、世の中って、こんなものなんだよ」と、アヒルの子供たちのおかあさんは、言い,ながら,、自分も、くちばしをピチャピチャやりました。
exclude_iru_aru_oku,762_aozora_Oda-1976-3,そして、おなかの子に障ることを忘れて、傘も持たず、びしょ濡れの体をなお雨の鞭に任せながら、うらぶれて歩いてそんな芳子の姿を、グッドモーニングの銀ちゃんは人力車の上から見た途端、はっと胸を突かれて、同じ人力車に相乗りして坂野の手前がもしなかったとすれば、呼びとめたい程のなつかしさにしびれ、もはや芳子のあわれさは、芳子が持ってどんな女のいやらしさも、銀ちゃんの心から消してしまってた。,ながら,1,同時進行,1,同時進行,True,そして、おなかの子に障ることを忘れて、傘も持たず、びしょ濡れの体をなお雨の鞭に任せ,ながら,、うらぶれて歩いているそんな芳子の姿を、グッドモーニングの銀ちゃんは人力車の上から見た途端、はっと胸を突かれて、同じ人力車に相乗りしている坂野の手前がもしなかったとすれば、呼びとめたい程のなつかしさにしびれ、もはや芳子のあわれさは、芳子が持っているどんな女のいやらしさも、銀ちゃんの心から消してしまっていた。
exclude_iru_aru_oku,767_whitepaper_R1_gaiko_2,11月の日・ASEAN首脳会議では、安倍総理大臣から、2013年に約束した「5年で2兆円の対ASEAN支援」を上回る支援を実施したことに言及しつつ、今後もASEANの一体性と中心性を尊重しながら、民間投資を後押しし、国際スタンダードにのっとった質の高いインフラを推進すると発言した。,ながら,1,同時進行,1,同時進行,True,11月の日・ASEAN首脳会議では、安倍総理大臣から、2013年に約束した「5年で2兆円の対ASEAN支援」を上回る支援を実施したことに言及しつつ、今後もASEANの一体性と中心性を尊重し,ながら,、民間投資を後押しし、国際スタンダードにのっとった質の高いインフラを推進すると発言した。
exclude_iru_aru_oku,68_aozora_Kobayashi-1929,その横に仰向けにひっくり返って、林檎を食いながら、表紙のボロボロした講談雑誌を見てのがた。,ながら,1,同時進行,1,同時進行,True,その横に仰向けにひっくり返って、林檎を食い,ながら,、表紙のボロボロした講談雑誌を見ているのがいた。
exclude_iru_aru_oku,150_aozora_Oda-1976-3,「芳ッちゃん、芳ッちゃんって、お安くいわないでよ」と、いわれながら、京吉はしかし、ねえ、たのむよ、と、だんだん甘えるような哀願的な声になってた。,ながら,0,逆接・譲歩,0,逆接・譲歩,True,「芳ッちゃん、芳ッちゃんって、お安くいわないでよ」と、いわれ,ながら,、京吉はしかし、ねえ、たのむよ、と、だんだん甘えるような哀願的な声になっていた。
exclude_iru_aru_oku,750_aozora_Oda-1976-1,そして男を利用しながら、男を敵と考えて来た。,ながら,0,逆接・譲歩,1,同時進行,False,そして男を利用し,ながら,、男を敵と考えて来た。
exclude_iru_aru_oku,38_aozora_Kaneko-1984,そうしたとき母は従順に父の衣類を壁の釘にかけたりなんかしてたが、袂の中からお菓子の空袋や蜜柑の皮などを取出して、恨めしそうに眺めながらいうのだった。,ながら,1,同時進行,1,同時進行,True,そうしたとき母は従順に父の衣類を壁の釘にかけたりなんかしていたが、袂の中からお菓子の空袋や蜜柑の皮などを取出して、恨めしそうに眺め,ながら,いうのだった。
exclude_iru_aru_oku,403_fiction_sakurasakuanobashode,修一は春の桜の匂いが混じった風を感じながらつぶやいた。,ながら,1,同時進行,1,同時進行,True,修一は春の桜の匂いが混じった風を感じ,ながら,つぶやいた。
exclude_iru_aru_oku,77_aozora_Akutagawa-1922,トロッコは三人が乗り移ると同時に、蜜柑畑の匂（におい）を煽（あお）りながら、ひた辷（すべ）りに線路を走り出した。,ながら,1,同時進行,1,同時進行,True,トロッコは三人が乗り移ると同時に、蜜柑畑の匂（におい）を煽（あお）り,ながら,、ひた辷（すべ）りに線路を走り出した。
exclude_iru_aru_oku,180_aozora_Yamakawa-1962-1,遠くなったその葬列との距離を縮めようというのか、子供たちは芋畑の中におどりこむと、歓声をあげながら駈けはじめた。,ながら,1,同時進行,1,同時進行,True,遠くなったその葬列との距離を縮めようというのか、子供たちは芋畑の中におどりこむと、歓声をあげ,ながら,駈けはじめた。
exclude_iru_aru_oku,357_whitepaper_H28_kotsuanzen1,児童が遊びながら交通知識等を体得できるような各種の施設を設置した交通公園は，全国で開設されて，一般の利用に供されて。,ながら,1,同時進行,1,同時進行,True,児童が遊び,ながら,交通知識等を体得できるような各種の施設を設置した交通公園は，全国で開設されており，一般の利用に供されている。
exclude_iru_aru_oku,66_whitepaper_H28_shinrinringyo2,これらの計画では、「全国森林計画」に即しつつ、地域の特性を踏まえながら、森林の整備及び保全の目標並びに森林の区域（ゾーニング）及び伐採等の施業方法の考え方を提示して。,ながら,1,同時進行,1,同時進行,True,これらの計画では、「全国森林計画」に即しつつ、地域の特性を踏まえ,ながら,、森林の整備及び保全の目標並びに森林の区域（ゾーニング）及び伐採等の施業方法の考え方を提示している。
exclude_iru_aru_oku,370_textbook_djg_advanced;page_426,外国にながらにして日本からの生のテレビ放送が見られるようになった。,ながら,4,その他,0,逆接・譲歩,False,外国に居,ながら,にして日本からの生のテレビ放送が見られるようになった。
exclude_iru_aru_oku,112_aozora_Kaneko-1984,叔母はそのうちの一つの櫛を取って見まわしながらいった。,ながら,1,同時進行,1,同時進行,True,叔母はそのうちの一つの櫛を取って見まわし,ながら,いった。
exclude_iru_aru_oku,184_aozora_Miyazawa-1934,一郎が箒をもちながら先生にききました。,ながら,1,同時進行,1,同時進行,True,一郎が箒をもち,ながら,先生にききました。
exclude_iru_aru_oku,507_aozora_Koyama-1955-1,仔どもがそろって互いにもぐりっこをしながら、メリーの乳房にとりついてところは、なんとも云えず可愛い。,ながら,1,同時進行,1,同時進行,True,仔どもがそろって互いにもぐりっこをし,ながら,、メリーの乳房にとりついているところは、なんとも云えず可愛い。
exclude_iru_aru_oku,7_essay_tosanikki_20190406,私たちは地球の自転・公転運動によってらせんを描きながら太陽のまわりを疾走してことになります。,ながら,1,同時進行,1,同時進行,True,私たちは地球の自転・公転運動によってらせんを描き,ながら,太陽のまわりを疾走していることになります。
exclude_iru_aru_oku,276_fiction_mirai_e_no_okurimono,俊也は彼女の名を叫びながら、警備員の目の前を通過しようとした。,ながら,1,同時進行,1,同時進行,True,俊也は彼女の名を叫び,ながら,、警備員の目の前を通過しようとした。
exclude_iru_aru_oku,26_aozora_Oda-1976-3,だから、Ｄ堂の主人にからかわれながら、いつまでも待ってた。,ながら,0,逆接・譲歩,1,同時進行,False,だから、Ｄ堂の主人にからかわれ,ながら,、いつまでも待っていた。
exclude_iru_aru_oku,99_fiction_kanojotachino_Christmas,父が僅《わずか》かながら生活費を送ってくれた。,ながら,4,その他,4,その他,True,父が僅《わずか》か,ながら,生活費を送ってくれた。
exclude_iru_aru_oku,368_aozora_Hori-1969,少なくともこのときお前はお前自身のことよりか私のことを、――それから私が打ちのめされながらじっとそれを耐えて、見るにも見かねるような様子を半ば気づかいながら、半ば苦々しく思いながら一人で想像してたろうことは考えられる。,ながら,1,同時進行,0,逆接・譲歩,False,少なくともこのときお前はお前自身のことよりか私のことを、――それから私が打ちのめされながらじっとそれを耐えている、見るにも見かねるような様子を半ば気づかい,ながら,、半ば苦々しく思いながら一人で想像していたろうことは考えられる。
exclude_iru_aru_oku,389_whitepaper_R1_gaiko_11,2018年4月に開催された日本での会議は、日本政府、経済団体、関連企業等多方面から支援を得ながら11年ぶりに東京で開催され、200人以上の方々が出席しました。,ながら,1,同時進行,1,同時進行,True,2018年4月に開催された日本での会議は、日本政府、経済団体、関連企業等多方面から支援を得,ながら,11年ぶりに東京で開催され、200人以上の方々が出席しました。
exclude_iru_aru_oku,616_aozora_Natsume-1908,豚はぐうと云いながら、ころりと引っ繰り返って、絶壁の下へ落ちて行った。,ながら,1,同時進行,1,同時進行,True,豚はぐうと云い,ながら,、ころりと引っ繰り返って、絶壁の下へ落ちて行った。
exclude_iru_aru_oku,798_aozora_Oda-1976-2,電話が掛かることを承知してながら、わざと「女の子」と出てしまうなんて、ばかにされたような気がした。,ながら,0,逆接・譲歩,0,逆接・譲歩,True,電話が掛かることを承知してい,ながら,、わざと「女の子」と出てしまうなんて、ばかにされたような気がした。
exclude_iru_aru_oku,826_fiction_onna_to_senso,生きのびた人々は飢えに苦しんで草をたべ、馬の足跡にたまった泥水をのみ、やぶ蚊や虱に悩まされ、襲撃につぐ襲撃におびえながら終戦を知らずに逃避行を続けた。,ながら,1,同時進行,1,同時進行,True,生きのびた人々は飢えに苦しんで草をたべ、馬の足跡にたまった泥水をのみ、やぶ蚊や虱に悩まされ、襲撃につぐ襲撃におびえ,ながら,終戦を知らずに逃避行を続けた。
exclude_iru_aru_oku,11_aozora_Hayakawa-1983,登ることに決めてながら寝坊をした惰性が、そのまま動作を鈍くしてた。,ながら,0,逆接・譲歩,0,逆接・譲歩,True,登ることに決めてあり,ながら,寝坊をした惰性が、そのまま動作を鈍くしていた。
exclude_iru_aru_oku,773_fiction_onna_to_senso,石光真清の記録『昿野の花』などによると、彼女たちは故国から棄てられた形で暮らしながら日本の軍事探偵に協力し、彼女たちのもたらした情報は日露戦争に役立ったといわれる。,ながら,0,逆接・譲歩,1,同時進行,False,石光真清の記録『昿野の花』などによると、彼女たちは故国から棄てられた形で暮らし,ながら,日本の軍事探偵に協力し、彼女たちのもたらした情報は日露戦争に役立ったといわれる。
exclude_iru_aru_oku,225_fiction_automatic-1,それを漠然と思い出しながら、朝田ハルキは声を張り上げた。,ながら,1,同時進行,1,同時進行,True,それを漠然と思い出し,ながら,、朝田ハルキは声を張り上げた。
exclude_iru_aru_oku,448_aozora_Oda-1976-3,「さんざん見せつけたのじゃないの。おごる代りに資本を出しなさいよ。ね。気を利かせっぱなしじゃ、合わないわよ」という科白を用意しながら、露子はわざわざ貴子と春隆を二人並ばせて、自分は別の座席へ遠慮したので。,ながら,0,逆接・譲歩,1,同時進行,False,「さんざん見せつけたのじゃないの。おごる代りに資本を出しなさいよ。ね。気を利かせっぱなしじゃ、合わないわよ」という科白を用意し,ながら,、露子はわざわざ貴子と春隆を二人並ばせて、自分は別の座席へ遠慮したのである。
exclude_iru_aru_oku,1117_aozora_Harada-1960,ドアの鍵を廻しながら、「とうとうこれで！」と、妹は叫んだ。,ながら,1,同時進行,1,同時進行,True,ドアの鍵を廻し,ながら,、「とうとうこれで！」と、妹は叫んだ。
exclude_iru_aru_oku,595_aozora_Hori-1969,私はそう心のなかで、思わず母に呼びかけては、何遍もその手帳を中途で手放そうと思いながら、やっぱり最後まで読んでしまった。,ながら,0,逆接・譲歩,1,同時進行,False,私はそう心のなかで、思わず母に呼びかけては、何遍もその手帳を中途で手放そうと思い,ながら,、やっぱり最後まで読んでしまった。
exclude_iru_aru_oku,15_wikipedia_Sendai_City,当地は、畿内に端を発する山道（後に東山道に再編）と海道（後に東海道に再編）とが合一する唯一の地で、その合一した街道は後年、奥大道や東街道と名称を変えながらも同断層帯およびそれに続く高舘丘陵の東縁に沿って南北に通る重要な道として存在し続けた。,ながら,0,逆接・譲歩,0,逆接・譲歩,True,当地は、畿内に端を発する山道（後に東山道に再編）と海道（後に東海道に再編）とが合一する唯一の地であり、その合一した街道は後年、奥大道や東街道と名称を変え,ながら,も同断層帯およびそれに続く高舘丘陵の東縁に沿って南北に通る重要な道として存在し続けた。
exclude_iru_aru_oku,758_aozora_Miyazawa-1934,「おれそれであ、あの木の上がら落とすがらな。」と一郎は言いながら崖の中ごろから出てさいかちの木へするするのぼって行きました。,ながら,1,同時進行,1,同時進行,True,「おれそれであ、あの木の上がら落とすがらな。」と一郎は言い,ながら,崖の中ごろから出ているさいかちの木へするするのぼって行きました。
exclude_iru_aru_oku,205_aozora_Edogawa-1929,頂上には、十人余りの見物が一かたまりになっておっかな相な顔をして、ボソボソ小声で囁きながら、品川の海の方を眺めてましたが、兄はと見ると、それとは離れた場所に、一人ぼっちで、遠眼鏡を目に当てて、しきりと浅草の境内を眺め廻してました。,ながら,1,同時進行,1,同時進行,True,頂上には、十人余りの見物が一かたまりになっておっかな相な顔をして、ボソボソ小声で囁き,ながら,、品川の海の方を眺めて居りましたが、兄はと見ると、それとは離れた場所に、一人ぼっちで、遠眼鏡を目に当てて、しきりと浅草の境内を眺め廻して居りました。
exclude_iru_aru_oku,51_fiction_kemonofriends2_R2,キュルルは今更ながら思い出すのだった。,ながら,4,その他,4,その他,True,キュルルは今更,ながら,思い出すのだった。
exclude_iru_aru_oku,785_textbook_purple_intermediate;page_237,時々、後ろを振り返りながら、歩いた。,ながら,1,同時進行,1,同時進行,True,時々、後ろを振り返り,ながら,、歩いた。
exclude_iru_aru_oku,23_essay_tosanikki_20180707,もし探査ロボットに心がば、青く美しく輝く地球を眺めながら何を考えるでしょうか。,ながら,1,同時進行,1,同時進行,True,もし探査ロボットに心があれば、青く美しく輝く地球を眺め,ながら,何を考えるでしょうか。
exclude_iru_aru_oku,205_aozora_Kobayashi-1929,艦長をのせてしまって、一人がタラップのおどり場からロープを外しながら、ちらっと艦長の方を見て、低い声で云った。,ながら,1,同時進行,1,同時進行,True,艦長をのせてしまって、一人がタラップのおどり場からロープを外し,ながら,、ちらっと艦長の方を見て、低い声で云った。
exclude_iru_aru_oku,312_aozora_Hori-1969,……その車が又埃を上げながら立ち去った後も、私たちは二人ともパラソルでその埃を避けながら、何時までも黙って草の中に立ってた。,ながら,1,同時進行,1,同時進行,True,……その車が又埃を上げながら立ち去った後も、私たちは二人ともパラソルでその埃を避け,ながら,、何時までも黙って草の中に立っていた。
exclude_iru_aru_oku,54_news_KAHOKU_82;K201402060A0T10XX00001,多賀城市は、市域の３分の１が津波で浸水しながらも現地再建を決断した。,ながら,0,逆接・譲歩,0,逆接・譲歩,True,多賀城市は、市域の３分の１が津波で浸水し,ながら,も現地再建を決断した。
exclude_iru_aru_oku,873_textbook_kisonihongo;page_159,働きながらの勉学は困難を極めた。,ながら,1,同時進行,0,逆接・譲歩,False,働き,ながら,の勉学は困難を極めた。
exclude_iru_aru_oku,89_news_KAHOKU_34;K201404110A0T30XX00001,窓の外を白いものがうねりながら、通り過ぎました。,ながら,1,同時進行,1,同時進行,True,窓の外を白いものがうねり,ながら,、通り過ぎました。
exclude_iru_aru_oku,22_essay_tosanikki_20191102,ピーブルズ氏の受賞の報を聞きながら、ふとそんなことを考えたのでした。,ながら,1,同時進行,1,同時進行,True,ピーブルズ氏の受賞の報を聞き,ながら,、ふとそんなことを考えたのでした。
exclude_iru_aru_oku,252_aozora_Oda-1976-3,なぜつけた――と、北山は昂奮に吃りながら、狂暴な力でカラ子の肩を掴んでた。,ながら,1,同時進行,1,同時進行,True,なぜつけた――と、北山は昂奮に吃り,ながら,、狂暴な力でカラ子の肩を掴んでいた。
exclude_iru_aru_oku,310_essay_Hepburn_no_shoogai_to_nihongo2,ミッションスクールを作り、孤児院や養老院のような社会活動に心血を注ぎ、活躍する者たちを頼もしく眺めながら、ヘボンは体の故障に悲鳴をあげてた。,ながら,0,逆接・譲歩,1,同時進行,False,ミッションスクールを作り、孤児院や養老院のような社会活動に心血を注ぎ、活躍する者たちを頼もしく眺め,ながら,、ヘボンは体の故障に悲鳴をあげていた。
exclude_iru_aru_oku,545_whitepaper_H26_kodomowakamono2,第1回の懇談会には，安倍総理大臣が出席し，壁にぶつかった経験が若者などをしっかり生かしていく，全員が参加することによって日本は活力を取り戻していくことができること，「再チャレンジ懇談会」での意見を踏まえながら関連施策の推進に努めていきたい旨の発言がなされた。,ながら,1,同時進行,1,同時進行,True,第1回の懇談会には，安倍総理大臣が出席し，壁にぶつかった経験がある若者などをしっかり生かしていく，全員が参加することによって日本は活力を取り戻していくことができること，「再チャレンジ懇談会」での意見を踏まえ,ながら,関連施策の推進に努めていきたい旨の発言がなされた。
exclude_iru_aru_oku,309_aozora_Hori-1969,その間私は何か切ないような夢を見ながら、それから醒めたいのだが、いつまでもそれが続いてて醒められないような気さえしてた。,ながら,1,同時進行,1,同時進行,True,その間私は何か切ないような夢を見,ながら,、それから醒めたいのだが、いつまでもそれが続いていて醒められないような気さえしていた。
exclude_iru_aru_oku,382_fiction_sakurasakuanobashode,修一はその声を聞きながら部屋を出た。,ながら,1,同時進行,1,同時進行,True,修一はその声を聞き,ながら,部屋を出た。
exclude_iru_aru_oku,834_aozora_Umezaki-1966,香のにおいを強く感じながら眼をつむって手を合せた。,ながら,1,同時進行,1,同時進行,True,香のにおいを強く感じ,ながら,眼をつむって手を合せた。
exclude_iru_aru_oku,549_aozora_Hori-1969,心と心とはいつか自分自分の奥深くに引込ませてしまいながら……,ながら,4,その他,4,その他,True,心と心とはいつか自分自分の奥深くに引込ませてしまい,ながら,……
exclude_iru_aru_oku,100_aozora_Mori-1912,主人はどっしりした体で、胡坐を掻いて、ちびりちびり酒を飲みながら、小川の表情を、睫毛の動くのをも見遁がさないように見て。,ながら,1,同時進行,1,同時進行,True,主人はどっしりした体で、胡坐を掻いて、ちびりちびり酒を飲み,ながら,、小川の表情を、睫毛の動くのをも見遁がさないように見ている。
exclude_iru_aru_oku,6_essay_manabi28_Kijima2004summer,私たちの身近にながらあまり研究されてない動物なのです。,ながら,0,逆接・譲歩,0,逆接・譲歩,True,私たちの身近にあり,ながら,あまり研究されていない動物なのです。
exclude_iru_aru_oku,551_aozora_Umezaki-1966,ふらふら立ちながら、雨戸をあけ放った。,ながら,1,同時進行,1,同時進行,True,ふらふら立ち,ながら,、雨戸をあけ放った。
exclude_iru_aru_oku,127_fiction_mirai_e_no_okurimono,書架をぐるっと見渡しながら、カフェコーナーに立ち寄った。,ながら,1,同時進行,1,同時進行,True,書架をぐるっと見渡し,ながら,、カフェコーナーに立ち寄った。
exclude_iru_aru_oku,860_whitepaper_H27_akita_kankyo1,なお、一般廃棄物の保管や収集運搬、処分に係る行政処分は市町村の権限となってますが、県でも協力・連携しながら適正処理の確保に努めてます。,ながら,1,同時進行,1,同時進行,True,なお、一般廃棄物の保管や収集運搬、処分に係る行政処分は市町村の権限となっていますが、県でも協力・連携し,ながら,適正処理の確保に努めています。
exclude_iru_aru_oku,11_aozora_Hitomi-1929,しかし原稿の出来上って行くにつれてもうわたしはさっきまでのような元気も、若々しさもなくなってグラウンドのトラックを疾走しながら世界記録を破るなんてことの出来ない人間になるのみではなかろうか、外国の競技場で邦人の歓呼をうけることももう出来なくなるんだと競技場に活躍する自分の姿を自分の目に浮かばせるのでた。,ながら,1,同時進行,1,同時進行,True,しかし原稿の出来上って行くにつれてもうわたしはさっきまでのような元気も、若々しさもなくなってグラウンドのトラックを疾走し,ながら,世界記録を破るなんてことの出来ない人間になるのみではなかろうか、外国の競技場で邦人の歓呼をうけることももう出来なくなるんだと競技場に活躍する自分の姿を自分の目に浮かばせるのであった。
exclude_iru_aru_oku,599_aozora_Hori-1969,ただそのときの丸木の腰かけだけが半ば毀れながらまだ元の場所に残ってた。,ながら,0,逆接・譲歩,0,逆接・譲歩,True,ただそのときの丸木の腰かけだけが半ば毀れ,ながら,まだ元の場所に残っていた。
exclude_iru_aru_oku,148_whitepaper_H28_kotsuanzen1,地域の協力を得ながら，通学路，生活道路，市街地の幹線道路等において，歩道を整備するなど，「人」の視点に立った交通安全対策を推進した。,ながら,1,同時進行,1,同時進行,True,地域の協力を得,ながら,，通学路，生活道路，市街地の幹線道路等において，歩道を整備するなど，「人」の視点に立った交通安全対策を推進した。
exclude_iru_aru_oku,6_news_KAHOKU_303;K201401010W5XP4XX00001,東北に拠点をながら、全国的に活躍する３人の文化人、アーティストに、故郷への熱い思いや、その魅力を語ってもらった。,ながら,0,逆接・譲歩,1,同時進行,False,東北に拠点を置き,ながら,、全国的に活躍する３人の文化人、アーティストに、故郷への熱い思いや、その魅力を語ってもらった。
exclude_iru_aru_oku,1029_aozora_Harada-1960,妹が慣れた手つきでベッドのふとんや枕を高く飛ばしながら寝具の用意を整えるのが見えた。,ながら,1,同時進行,1,同時進行,True,妹が慣れた手つきでベッドのふとんや枕を高く飛ばし,ながら,寝具の用意を整えるのが見えた。
exclude_iru_aru_oku,591_bible_ot;b.NUM.16.30,しかし、主が新しい事をされ、地が口を開いて、これらの人々と、それに属する者とを、ことごとくのみつくして、生きながら陰府に下らせられるならば、あなたがたはこれらの人々が、主を侮ったのでことを知らなければならない」。,ながら,0,逆接・譲歩,1,同時進行,False,しかし、主が新しい事をされ、地が口を開いて、これらの人々と、それに属する者とを、ことごとくのみつくして、生き,ながら,陰府に下らせられるならば、あなたがたはこれらの人々が、主を侮ったのであることを知らなければならない」。
exclude_iru_aru_oku,694_aozora_Andersen-1967-2,それでも、お姫さまは、ほほえみを浮べながら、踊りつづけるのでした。,ながら,1,同時進行,1,同時進行,True,それでも、お姫さまは、ほほえみを浮べ,ながら,、踊りつづけるのでした。
exclude_iru_aru_oku,301_aozora_Doyle-1892,学がながら運命の手に翻弄されてきた男、という印象を全体から感じる。,ながら,0,逆接・譲歩,0,逆接・譲歩,True,学があり,ながら,運命の手に翻弄されてきた男、という印象を全体から感じる。
exclude_iru_aru_oku,476_fiction_munashisanoshotai,1人で帰りながらそのことに気づいてしまった。,ながら,1,同時進行,1,同時進行,True,1人で帰り,ながら,そのことに気づいてしまった。
exclude_iru_aru_oku,375_aozora_Miyazawa-1934,悦治がそれをくぐろうとしますと、嘉助が、「おらこったなものはずせだぞ。」と言いながら片っぽうのはじをぬいて下におろしましたのでみんなはそれをはね越えて中にはいりました。,ながら,1,同時進行,1,同時進行,True,悦治がそれをくぐろうとしますと、嘉助が、「おらこったなものはずせだぞ。」と言い,ながら,片っぽうのはじをぬいて下におろしましたのでみんなはそれをはね越えて中にはいりました。
exclude_iru_aru_oku,117_aozora_Miyamoto-1925,五十銭で買ってもらった釣竿を持ち、小さいなつめ形の顔の上に途方もなく大きい海水帽をかぶり――その鍔をフワフワ風に煽らせながら、勇壮に釣に出かける。,ながら,1,同時進行,1,同時進行,True,五十銭で買ってもらった釣竿を持ち、小さいなつめ形の顔の上に途方もなく大きい海水帽をかぶり――その鍔をフワフワ風に煽らせ,ながら,、勇壮に釣に出かける。
exclude_iru_aru_oku,15_essay_crossover28_Ihara2016,地球中心説では当然ながら惑星の横転周期という概念はませんが、コペルニクスの理論では会合周期の観測によって太陽と地球の距離を1として、各惑星軌道半径が求められることになりました。,ながら,4,その他,4,その他,True,地球中心説では当然,ながら,惑星の横転周期という概念はありませんが、コペルニクスの理論では会合周期の観測によって太陽と地球の距離を1として、各惑星軌道半径が求められることになりました。
exclude_iru_aru_oku,200_whitepaper_R1_gaiko_12,欧米で日本マンガやアニメ文化がまだ殆ど認識されてない当時、手塚先生はマンガの右開き形式や言葉の「壁」に触れながらも、アニメこそが「国際性に富んで素晴らしい親善大使」だと主張し、アニメで日本マンガの体質になじんだ人々は、マンガもきっと見るようになる、と考えてました。,ながら,0,逆接・譲歩,0,逆接・譲歩,True,欧米で日本マンガやアニメ文化がまだ殆ど認識されていない当時、手塚先生はマンガの右開き形式や言葉の「壁」に触れ,ながら,も、アニメこそが「国際性に富んでいる素晴らしい親善大使」だと主張し、アニメで日本マンガの体質になじんだ人々は、マンガもきっと見るようになる、と考えていました。
exclude_iru_aru_oku,188_aozora_Kobayashi-1929,「一寸云って」監督が土方の棒頭のように頑丈な身体で、片足を寝床の仕切りの上にかけて、楊子で口をモグモグさせながら、時々歯にはさまったものを、トットッと飛ばして、口を切った。,ながら,1,同時進行,1,同時進行,True,「一寸云って置く」監督が土方の棒頭のように頑丈な身体で、片足を寝床の仕切りの上にかけて、楊子で口をモグモグさせ,ながら,、時々歯にはさまったものを、トットッと飛ばして、口を切った。
exclude_iru_aru_oku,218_aozora_Hayashida-2015,「ええ、そうです」と微笑みながら答えた。,ながら,1,同時進行,1,同時進行,True,「ええ、そうです」と微笑み,ながら,答えた。
exclude_iru_aru_oku,34_aozora_Togawa-1937-3,和尚は御経を読みながら、そこにただ独り坐ってた。,ながら,1,同時進行,1,同時進行,True,和尚は御経を読み,ながら,、そこにただ独り坐っていた。
exclude_iru_aru_oku,166_bible_nt;b.JOH.3.10,「あなたはイスラエルの教師でながら、これぐらいのことがわからないのか。,ながら,0,逆接・譲歩,0,逆接・譲歩,True,「あなたはイスラエルの教師であり,ながら,、これぐらいのことがわからないのか。
exclude_iru_aru_oku,14_aozora_Miyazawa-1924,はじめの紳士は、すこし顔いろを悪くして、じっと、もひとりの紳士の、顔つきを見ながら云いました。,ながら,1,同時進行,1,同時進行,True,はじめの紳士は、すこし顔いろを悪くして、じっと、もひとりの紳士の、顔つきを見,ながら,云いました。
exclude_iru_aru_oku,1074_aozora_Harada-1960,妹は泣きながらはげしく手を振った。,ながら,1,同時進行,1,同時進行,True,妹は泣き,ながら,はげしく手を振った。
exclude_iru_aru_oku,3_fiction_mirai_e_no_okurimono,21世紀に発明されたAIが第5世代に入り、人は生まれながらにして脳にチップを埋められた。,ながら,4,その他,4,その他,True,21世紀に発明されたAIが第5世代に入り、人は生まれ,ながら,にして脳にチップを埋められた。
exclude_iru_aru_oku,22_aozora_Kunieda-1925,おりから一人の老人がひしと胸の辺を抱きながら追われたように走って来た。,ながら,1,同時進行,1,同時進行,True,おりから一人の老人がひしと胸の辺を抱き,ながら,追われたように走って来た。
exclude_iru_aru_oku,20_aozora_Hori-1969,それがどんなものか分らないながら、どうやらそれらしいと感ぜられるものが。,ながら,0,逆接・譲歩,0,逆接・譲歩,True,それがどんなものか分らない,ながら,、どうやらそれらしいと感ぜられるものがある。
exclude_iru_aru_oku,501_aozora_Hori-1969,私は思わず生き生きした微笑をしながら黙ってた。,ながら,1,同時進行,1,同時進行,True,私は思わず生き生きした微笑をし,ながら,黙っていた。
exclude_iru_aru_oku,315_whitepaper_R1_gaiko_9,このような状況の下、核軍縮を進めていくためには、核兵器国の協力を得ながら現実的かつ実践的な取組を粘り強く進めていく必要が。,ながら,1,同時進行,1,同時進行,True,このような状況の下、核軍縮を進めていくためには、核兵器国の協力を得,ながら,現実的かつ実践的な取組を粘り強く進めていく必要がある。
exclude_iru_aru_oku,124_aozora_Akutagawa-1922,彼は左に海を感じながら、急な坂路（さかみち）を駈（か）け登った。,ながら,1,同時進行,1,同時進行,True,彼は左に海を感じ,ながら,、急な坂路（さかみち）を駈（か）け登った。
exclude_iru_aru_oku,66_whitepaper_H20_kokuminseikatsu2,幸福度に関する分析によって、統計学的に、ストレスがない人は人より幸福でということが分かったが、現代社会はストレス社会とも言われるように、多くの人がストレスにさらされながら生活を送って。,ながら,1,同時進行,1,同時進行,True,幸福度に関する分析によって、統計学的に、ストレスがない人はある人より幸福であるということが分かったが、現代社会はストレス社会とも言われるように、多くの人がストレスにさらされ,ながら,生活を送っている。
exclude_iru_aru_oku,319_fiction_sakurasakuanobashode,朝御飯が終わり、かたづけを手伝いながら修一は言った。,ながら,1,同時進行,1,同時進行,True,朝御飯が終わり、かたづけを手伝い,ながら,修一は言った。
exclude_iru_aru_oku,256_aozora_Miyazawa-1934,するとかよは立って来て、「兄な、兄なの木ペンはきのう小屋でなくしてしまったけなあ。よこせったら。」と言いながら一生けん命とり返そうとしましたが、どうしてももう佐太郎は机にくっついた大きな蟹の化石みたいになってので、とうとうかよは立ったまま口を大きくまげて泣きだしそうになりました。,ながら,1,同時進行,1,同時進行,True,するとかよは立って来て、「兄な、兄なの木ペンはきのう小屋でなくしてしまったけなあ。よこせったら。」と言い,ながら,一生けん命とり返そうとしましたが、どうしてももう佐太郎は机にくっついた大きな蟹の化石みたいになっているので、とうとうかよは立ったまま口を大きくまげて泣きだしそうになりました。
exclude_iru_aru_oku,236_aozora_Akutagawa-1921,遠藤は殆ど気違いのように、妙子の名前を呼びかけながら、全身の力を肩に集めて、何度も入口の戸へぶつかりました。,ながら,1,同時進行,1,同時進行,True,遠藤は殆ど気違いのように、妙子の名前を呼びかけ,ながら,、全身の力を肩に集めて、何度も入口の戸へぶつかりました。
exclude_iru_aru_oku,21_essay_tosanikki_20180804,その間、何度も地球に接近し、ニアミスを繰り返しながら、長い旅路の果てについに地球（南極大陸）にたどり着いたのです。,ながら,0,逆接・譲歩,1,同時進行,False,その間、何度も地球に接近し、ニアミスを繰り返し,ながら,、長い旅路の果てについに地球（南極大陸）にたどり着いたのです。
exclude_iru_aru_oku,70_aozora_Dazai-1-1940,家の西北の隅に、異様に醜怪の、不浄のものが、とぐろを巻いてひそんでようで、机に向って仕事をしてながらも、どうも、潔白の精進が、できないような不安な、うしろ髪ひかれる思いで、やりきれないので。,ながら,0,逆接・譲歩,0,逆接・譲歩,True,家の西北の隅に、異様に醜怪の、不浄のものが、とぐろを巻いてひそんで在るようで、机に向って仕事をしてい,ながら,も、どうも、潔白の精進が、できないような不安な、うしろ髪ひかれる思いで、やりきれないのである。
exclude_iru_aru_oku,237_fiction_mirai_e_no_okurimono,――途中、走りながらモバイルフォンを素早く鞄から取り出した。,ながら,1,同時進行,1,同時進行,True,――途中、走り,ながら,モバイルフォンを素早く鞄から取り出した。
exclude_iru_aru_oku,426_aozora_Oda-1976-3,眼の中のコロコロとした痛みを我慢しながら、一方で女の手の触感をたのしむなんて、思えばわれながら噴き出したくなるようなものだったが、もともと気のすすまぬ旅行だ、それぐらいはしてもいいだろうと、春隆は思ったので。,ながら,1,同時進行,1,同時進行,True,眼の中のコロコロとした痛みを我慢し,ながら,、一方で女の手の触感をたのしむなんて、思えばわれながら噴き出したくなるようなものだったが、もともと気のすすまぬ旅行だ、それぐらいはしてもいいだろうと、春隆は思ったのである。
exclude_iru_aru_oku,352_aozora_Sakaguchi-1947,リヤカーは路地の角々にぶつかりながら立去った。,ながら,1,同時進行,1,同時進行,True,リヤカーは路地の角々にぶつかり,ながら,立去った。
exclude_iru_aru_oku,45_aozora_Perrault-1950,いけないというものは、とかく見たいのが、人間のくせですから、そのうちいよいよ、がまんがしきれなくなってくると、この奥（）がたは、もうお客にたいして、失礼（しつれい）のなんのということを、おもってはられなくなって、ひとりそっと裏（うら）ばしごをおりて、二ども三ども、首の骨がたかとおもうほど、はげしく、柱や梁（はり）にぶつかりながら、むちゅうでかけ出して行きました。,ながら,1,同時進行,1,同時進行,True,いけないというものは、とかく見たいのが、人間のくせですから、そのうちいよいよ、がまんがしきれなくなってくると、この奥（おく）がたは、もうお客にたいして、失礼（しつれい）のなんのということを、おもってはいられなくなって、ひとりそっと裏（うら）ばしごをおりて、二ども三ども、首の骨がおれたかとおもうほど、はげしく、柱や梁（はり）にぶつかり,ながら,、むちゅうでかけ出して行きました。
exclude_iru_aru_oku,88_aozora_Joyce-1914,というのもいつものことながら一週間分のタバコのしみがついて黒くなった赤いハンカチで落ちた粒を払いのけようとしてもまったく効果がなかったからだ。,ながら,4,その他,4,その他,True,というのもいつものこと,ながら,一週間分のタバコのしみがついて黒くなった赤いハンカチで落ちた粒を払いのけようとしてもまったく効果がなかったからだ。
exclude_iru_aru_oku,102_aozora_Hori-1969,そう云われながら、絶えずその暗くなった空を気になさってた。,ながら,0,逆接・譲歩,1,同時進行,False,そう云われ,ながら,、絶えずその暗くなった空を気になさっていた。
exclude_iru_aru_oku,1225_aozora_Harada-1960,三人は座席にゆっくりともたれながら、未来の見込みをあれこれと相談し合った。,ながら,1,同時進行,1,同時進行,True,三人は座席にゆっくりともたれ,ながら,、未来の見込みをあれこれと相談し合った。
exclude_iru_aru_oku,576_aozora_Hori-1969,――それよりか、お前の顔を見てから、こちらが自分をすっかり無くして、なんの心用意もせずにお前に立ち向いながら、その場で自分に浮んでくることをそのまま云った方がお前の心を動かすことが云えるのではないかと考えた。,ながら,1,同時進行,1,同時進行,True,――それよりか、お前の顔を見てから、こちらが自分をすっかり無くして、なんの心用意もせずにお前に立ち向い,ながら,、その場で自分に浮んでくることをそのまま云った方がお前の心を動かすことが云えるのではないかと考えた。
exclude_iru_aru_oku,142_aozora_Yamakawa-1962-1,彼は、胸に湧きあがるものを、けんめいに冷静におさえつけながら思った。,ながら,1,同時進行,1,同時進行,True,彼は、胸に湧きあがるものを、けんめいに冷静におさえつけ,ながら,思った。
exclude_iru_aru_oku,499_bible_ot;b.NUM.14.23,わたしの栄光と、わたしがエジプトと荒野で行ったしるしを見ながら、このように十度もわたしを試みて、わたしの声に聞きしたがわなかった人々はひとりも、わたしがかつて彼らの先祖たちに与えると誓った地を見ないで。,ながら,0,逆接・譲歩,1,同時進行,False,わたしの栄光と、わたしがエジプトと荒野で行ったしるしを見,ながら,、このように十度もわたしを試みて、わたしの声に聞きしたがわなかった人々はひとりも、わたしがかつて彼らの先祖たちに与えると誓った地を見ないであろう。
exclude_iru_aru_oku,130_aozora_Oda-1976-2,女と関係しながら、恋だけはもっと素晴しい女とするんだと夢を抱いて来たのだ。,ながら,0,逆接・譲歩,1,同時進行,False,女と関係し,ながら,、恋だけはもっと素晴しい女とするんだと夢を抱いて来たのだ。
exclude_iru_aru_oku,386_aozora_Hori-1969,私の好んで行った山よりの落葉松林は、ときおり林の切れ目から薄赤い穂を出した芒の向うに浅間の鮮やかな山肌をのぞかせながら、何処までも真直に続いてた。,ながら,1,同時進行,1,同時進行,True,私の好んで行った山よりの落葉松林は、ときおり林の切れ目から薄赤い穂を出した芒の向うに浅間の鮮やかな山肌をのぞかせ,ながら,、何処までも真直に続いていた。
exclude_iru_aru_oku,204_aozora_Doyle-1905,レストレイドは、この注目すべき解説を聞きながら、2、3度、眉を釣りあげたが、ここでようやく口を開いた。,ながら,0,逆接・譲歩,1,同時進行,False,レストレイドは、この注目すべき解説を聞き,ながら,、2、3度、眉を釣りあげたが、ここでようやく口を開いた。
exclude_iru_aru_oku,568_aozora_Umezaki-1966,私は不味い莨をふかしながら、煙が空気の中に消えて行くのをじっと見てた。,ながら,1,同時進行,1,同時進行,True,私は不味い莨をふかし,ながら,、煙が空気の中に消えて行くのをじっと見ていた。
exclude_iru_aru_oku,652_whitepaper_shohi4_2018,また、消費者庁において推進会議の意見を聴きながら、関係府省庁と連携しつつ、高校生向け消費者教育教材「社会への扉」を2017年３月までに作成し、４月以降に配布を開始しました。,ながら,1,同時進行,1,同時進行,True,また、消費者庁において推進会議の意見を聴き,ながら,、関係府省庁と連携しつつ、高校生向け消費者教育教材「社会への扉」を2017年３月までに作成し、４月以降に配布を開始しました。
exclude_iru_aru_oku,16_aozora_Chiri-1955-7,北見の美幌では、この“きのこ”を見つけると、熊を取った時のように、男は「フォー、フォー」と高らかにときの声をあげながらその廻りを踏舞し、女は「オノンノ、オノンノ」と歌いながら踊ったということでます。,ながら,1,同時進行,1,同時進行,True,北見の美幌では、この“きのこ”を見つけると、熊を取った時のように、男は「フォー、フォー」と高らかにときの声をあげ,ながら,その廻りを踏舞し、女は「オノンノ、オノンノ」と歌いながら踊ったということであります。
exclude_iru_aru_oku,10_book_excerpt-19,六畳一間ながら一戸建てのあの借家は最初から今度こそは期待のもてそうな話だったが、その時も三村だけが紹介者の知人に連れられて見に行ったのだった。,ながら,0,逆接・譲歩,0,逆接・譲歩,True,六畳一間,ながら,一戸建てのあの借家は最初から今度こそは期待のもてそうな話だったが、その時も三村だけが紹介者の知人に連れられて見に行ったのだった。
exclude_iru_aru_oku,370_fiction_sakurasakuanobashode,そう言いながら、大家さんは立ち上がる。,ながら,1,同時進行,1,同時進行,True,そう言い,ながら,、大家さんは立ち上がる。
exclude_iru_aru_oku,259_aozora_Hori-1969,が、そうしていつまでもうつけたように、かすかに揺れ動いて梢を見上げてと、いきなり私の眼の前に、蜘蛛が長く糸をひきながら落ちてきて、私をびっくりさせたりした。,ながら,1,同時進行,1,同時進行,True,が、そうしていつまでもうつけたように、かすかに揺れ動いている梢を見上げていると、いきなり私の眼の前に、蜘蛛が長く糸をひき,ながら,落ちてきて、私をびっくりさせたりした。
exclude_iru_aru_oku,366_whitepaper_H28_shinrinringyo2,松くい虫被害の拡大を防止するため、林野庁では都府県と連携しながら、公益的機能の高いマツ林等を対象として、薬剤散布や樹幹注入等の予防対策と被害木の伐倒くん蒸等の駆除対策を併せて実施して。,ながら,1,同時進行,1,同時進行,True,松くい虫被害の拡大を防止するため、林野庁では都府県と連携し,ながら,、公益的機能の高いマツ林等を対象として、薬剤散布や樹幹注入等の予防対策と被害木の伐倒くん蒸等の駆除対策を併せて実施している。
